CompanyName,ContactInfo,ContractStartDate,ContractEndDate
Jabbercube,jbachelar0@boston.com,5/2/2023,7/7/2024
Tanoodle,byaneev1@google.es,4/22/2023,6/18/2024
Leexo,bgodfrey2@creativecommons.org,8/3/2023,1/31/2023
Gabvine,tgianettini3@zimbio.com,2/29/2024,8/21/2024
Kwilith,lpumfrett4@imgur.com,10/24/2023,8/18/2023
Twitterwire,wdescroix5@soundcloud.com,4/5/2024,12/18/2024
Feedfire,gsimkovich6@slashdot.org,6/4/2023,6/7/2024
Tagfeed,fdilke7@vimeo.com,11/22/2023,12/28/2023
Jetpulse,mnornasell8@qq.com,3/15/2023,11/25/2023
Katz,lsisnett9@delicious.com,12/17/2023,9/9/2024
Chatterpoint,goconnella@google.fr,11/26/2023,2/16/2025
Leexo,bharlowb@ehow.com,9/12/2023,3/8/2025
Camimbo,kdaymontc@twitpic.com,4/13/2024,2/12/2024
Brainverse,jpolyed@drupal.org,3/19/2023,3/14/2025
Oyope,bmaddiee@eventbrite.com,9/16/2023,4/30/2024
Voonix,pwhitelawf@usnews.com,10/14/2023,3/20/2023
Linklinks,mkingmang@columbia.edu,11/26/2023,3/19/2024
Blogspan,adenseyh@msu.edu,3/29/2024,12/17/2023
Thoughtbridge,cpaggitti@msu.edu,8/28/2023,12/4/2024
Leexo,mrenakj@w3.org,3/3/2024,2/3/2023
Skipstorm,gbauerk@wired.com,4/3/2024,10/7/2024
Skyble,jmewisl@gravatar.com,4/8/2023,4/29/2024
Brightbean,csainzm@yahoo.co.jp,4/10/2024,4/7/2025
Zoovu,ojagoen@bizjournals.com,5/16/2023,2/21/2024
Oodoo,aruckledgeo@msn.com,4/18/2024,10/3/2023
Quimba,tambroisp@cisco.com,3/9/2023,5/2/2024
Gigaclub,lblazewskiq@jugem.jp,3/7/2024,12/16/2024
Eidel,rmaryskar@desdev.cn,3/27/2024,4/19/2023
Dynabox,kchadwens@senate.gov,7/29/2023,11/16/2023
Gabcube,nlockiert@over-blog.com,3/7/2023,9/5/2023
Skinix,rsustonu@icio.us,6/24/2023,2/1/2025
Kare,tmeniv@istockphoto.com,8/30/2023,4/12/2025
Fiveclub,ytreatw@independent.co.uk,10/5/2023,12/7/2023
Kwinu,gbalaamx@ox.ac.uk,5/20/2023,5/28/2024
Yakijo,mpahly@lycos.com,2/8/2023,6/2/2024
Youfeed,kguildfordz@issuu.com,4/1/2023,7/29/2024
Edgewire,csacaze10@wp.com,3/24/2024,9/10/2023
Chatterpoint,mspurrier11@weibo.com,7/13/2023,8/12/2024
Skiptube,stremain12@ftc.gov,3/7/2024,2/24/2024
JumpXS,charms13@engadget.com,2/12/2023,3/6/2023
Photospace,crampage14@state.tx.us,1/27/2024,7/31/2024
Quamba,lhamber15@e-recht24.de,7/13/2023,2/1/2023
Babblestorm,emcelhargy16@google.com.hk,9/26/2023,7/29/2023
Fivebridge,maccombe17@netscape.com,2/9/2023,5/19/2024
Voonyx,sponte18@washingtonpost.com,2/15/2024,9/8/2024
Linktype,apanks19@redcross.org,6/8/2023,3/13/2023
Skilith,hcheers1a@google.com.au,10/26/2023,11/4/2023
Jazzy,nzoren1b@cdc.gov,3/12/2023,9/7/2023
Blogtag,dloveless1c@pagesperso-orange.fr,3/17/2024,12/27/2023
Voolith,hpikhno1d@google.com,4/18/2023,10/15/2023
Quimm,vmacphee1e@fda.gov,8/21/2023,12/1/2023
Teklist,rrothon1f@4shared.com,4/26/2024,3/8/2024
Buzzshare,zwinstone1g@google.nl,4/3/2024,1/17/2025
Eabox,kmasham1h@newyorker.com,11/6/2023,9/26/2023
Trudoo,ldoud1i@google.ca,3/10/2024,9/2/2024
Chatterbridge,rsheather1j@nymag.com,3/25/2023,5/28/2023
Fivechat,rcockin1k@irs.gov,9/15/2023,6/14/2024
Youbridge,rianinotti1l@cloudflare.com,9/15/2023,1/31/2024
Vidoo,mgirdwood1m@nsw.gov.au,2/28/2023,5/14/2024
Jabbersphere,wcathrae1n@psu.edu,7/16/2023,8/19/2023
Mycat,kmacmillan1o@last.fm,9/12/2023,10/3/2024
Trupe,ccrigin1p@cbslocal.com,2/1/2024,7/16/2023
Lazz,dtrevain1q@java.com,4/14/2023,9/14/2024
Skinix,arobroe1r@people.com.cn,2/10/2023,11/13/2024
Skibox,mshemwell1s@shop-pro.jp,1/24/2023,6/29/2023
Meetz,agravett1t@ebay.co.uk,3/3/2024,10/16/2024
Devshare,npowers1u@simplemachines.org,7/25/2023,3/4/2023
Skyndu,lkersley1v@go.com,8/23/2023,2/1/2024
Jaloo,caddey1w@msn.com,4/10/2023,3/19/2023
Agimba,abowdon1x@rakuten.co.jp,10/27/2023,8/14/2024
Livetube,ndietmar1y@wikipedia.org,11/27/2023,9/10/2023
Shufflester,pparnall1z@dmoz.org,11/21/2023,11/29/2023
Zoonoodle,jmartensen20@bloomberg.com,12/4/2023,4/23/2024
Oyoyo,vamanger21@miitbeian.gov.cn,12/26/2023,3/1/2025
Brainverse,cstarzaker22@blog.com,2/24/2023,6/20/2023
Dynabox,ajuggings23@zimbio.com,3/11/2023,9/22/2023
LiveZ,kmacmickan24@marriott.com,2/13/2024,9/10/2024
Voomm,ghutsby25@un.org,6/18/2023,12/30/2024
Vinte,kmendel26@dot.gov,9/14/2023,12/24/2023
Chatterbridge,sreede27@ehow.com,7/12/2023,8/9/2024
Rhybox,bjahns28@java.com,9/13/2023,4/28/2023
Trilia,erubinovitsch29@google.com.hk,8/3/2023,10/2/2024
Meeveo,tmobbs2a@tiny.cc,12/30/2023,3/14/2025
Quaxo,hrittmeyer2b@pen.io,11/15/2023,10/2/2024
Rhyloo,srandal2c@usgs.gov,6/13/2023,9/23/2023
Twimbo,kdurrell2d@linkedin.com,10/4/2023,10/29/2023
Buzzster,lgrayley2e@virginia.edu,4/2/2024,1/19/2025
Leexo,tizaks2f@netscape.com,4/26/2024,1/31/2023
Kaymbo,ptunny2g@miibeian.gov.cn,3/20/2023,12/2/2024
Minyx,aamor2h@businessweek.com,2/25/2023,3/9/2023
Devpoint,pgunson2i@prnewswire.com,12/2/2023,1/11/2024
Jayo,tnorcock2j@vk.com,5/6/2023,1/1/2025
Eire,ccheek2k@pagesperso-orange.fr,3/7/2024,3/14/2023
Demizz,zivy2l@sun.com,10/9/2023,9/24/2023
Meembee,ltweedell2m@wikipedia.org,4/21/2023,12/9/2024
Photospace,nwhieldon2n@china.com.cn,2/27/2023,6/8/2024
Lazz,scorbishley2o@adobe.com,1/14/2023,12/13/2024
Eabox,caslin2p@livejournal.com,4/10/2024,2/27/2023
Feedfish,bdobing2q@berkeley.edu,3/4/2024,12/16/2023
Twimbo,bcromleholme2r@ameblo.jp,10/3/2023,8/10/2023
Zoovu,llowther2s@unesco.org,7/10/2023,7/9/2023
Jaloo,ttunesi2t@guardian.co.uk,3/10/2023,12/24/2023
Eidel,onevett2u@desdev.cn,12/16/2023,7/19/2024
Skidoo,scarrigan2v@microsoft.com,9/27/2023,7/7/2024
Realpoint,hburnside2w@cam.ac.uk,4/23/2024,4/11/2023
Skinder,oeasum2x@eepurl.com,5/17/2023,5/26/2024
Talane,vlagne2y@theatlantic.com,3/17/2023,1/13/2025
Mudo,gdekeep2z@home.pl,12/7/2023,1/8/2024
Brainsphere,nfrift30@dell.com,4/25/2024,7/1/2024
Feedfish,amaulin31@auda.org.au,9/21/2023,8/11/2024
Rhyzio,cedgerton32@washington.edu,4/1/2024,8/28/2024
Tambee,bstarsmore33@cafepress.com,2/10/2023,9/20/2023
Lazz,lclynter34@mozilla.org,4/5/2023,11/6/2024
Voomm,amacgee35@time.com,2/2/2024,12/10/2023
Thoughtbeat,sroydon36@hud.gov,1/18/2024,7/5/2024
Miboo,llayton37@accuweather.com,4/18/2023,2/5/2023
Youtags,roakeshott38@ning.com,6/3/2023,12/30/2023
Edgewire,athaller39@imdb.com,8/12/2023,9/19/2024
Lajo,vmccorry3a@soup.io,4/14/2023,3/14/2024
Quatz,rjeratt3b@feedburner.com,3/31/2023,3/11/2024
Kimia,eblazeby3c@histats.com,3/24/2024,5/20/2023
Camimbo,mbolderoe3d@nsw.gov.au,11/23/2023,2/2/2023
Browsebug,bbeedham3e@freewebs.com,4/5/2024,8/8/2023
Brainlounge,mmoules3f@163.com,5/9/2023,2/2/2024
Vitz,ztomik3g@blogs.com,4/22/2023,10/22/2024
Gigazoom,vwansbury3h@hubpages.com,4/1/2023,6/29/2024
Skyndu,gromanelli3i@geocities.com,4/10/2024,2/23/2024
Zazio,bcianni3j@sciencedirect.com,1/3/2024,5/5/2024
Photofeed,tcyphus3k@sciencedirect.com,1/9/2024,6/25/2024
Aimbo,mstormonth3l@upenn.edu,2/12/2024,6/12/2024
Dynava,tnott3m@last.fm,11/25/2023,8/29/2024
Janyx,djosovitz3n@nasa.gov,3/8/2024,4/21/2024
Skajo,jcardoe3o@yahoo.co.jp,2/1/2023,5/30/2024
Trunyx,mcleminson3p@adobe.com,3/19/2023,10/31/2023
Blogtag,rrofe3q@indiatimes.com,8/3/2023,7/15/2023
Voomm,orenfield3r@rakuten.co.jp,8/15/2023,3/31/2023
Edgeify,cgrigs3s@amazon.de,7/26/2023,2/26/2025
Skyble,dannice3t@cargocollective.com,9/9/2023,5/5/2023
Tagfeed,mathersmith3u@washington.edu,8/18/2023,4/4/2025
Oyoba,sgutans3v@exblog.jp,4/28/2023,8/14/2024
Devpulse,atappington3w@vistaprint.com,5/23/2023,3/5/2024
Buzzshare,cheadley3x@princeton.edu,12/26/2023,5/8/2023
Kimia,gjellybrand3y@buzzfeed.com,12/1/2023,2/24/2024
Wordify,nsepey3z@tuttocitta.it,6/26/2023,2/6/2025
Topdrive,bbrookwell40@eepurl.com,3/16/2024,12/22/2024
Jamia,mskeen41@businessinsider.com,8/8/2023,12/4/2024
Wikizz,sgittoes42@tuttocitta.it,4/4/2024,12/11/2024
Devbug,wcranmor43@mapquest.com,2/23/2024,11/8/2023
Tambee,sgarrigan44@ihg.com,5/26/2023,7/11/2023
Pixoboo,elouder45@1688.com,10/25/2023,6/6/2024
Fivespan,alots46@geocities.jp,10/28/2023,2/19/2025
Browsebug,hnestle47@topsy.com,4/21/2023,2/28/2025
Browseblab,eblincowe48@latimes.com,2/15/2024,4/22/2025
Youfeed,tmccluin49@soup.io,11/9/2023,8/6/2024
Jabbersphere,lbanfield4a@vistaprint.com,6/1/2023,8/6/2024
Snaptags,bmcguffie4b@google.com,6/1/2023,3/1/2025
Realcube,ldorgon4c@bloglines.com,10/21/2023,11/14/2023
Jabberbean,mjozsa4d@google.com.br,11/11/2023,1/21/2024
Jaxbean,omelross4e@prnewswire.com,12/6/2023,7/16/2024
Realcube,tcordsen4f@globo.com,8/31/2023,5/1/2024
InnoZ,dhallibone4g@bloglovin.com,9/1/2023,2/13/2025
Aibox,eselley4h@xrea.com,4/22/2023,12/15/2023
Plajo,kfeehery4i@pen.io,9/27/2023,5/23/2024
Rhycero,kfulk4j@bigcartel.com,1/14/2024,4/24/2025
Devcast,bdavidsen4k@cornell.edu,3/31/2023,12/13/2024
Dazzlesphere,rpescott4l@dropbox.com,2/8/2023,3/30/2025
Voolia,rheadley4m@abc.net.au,9/25/2023,1/10/2025
Jaxworks,ebromwich4n@businessweek.com,7/27/2023,1/19/2023
Bluezoom,aherculeson4o@squarespace.com,12/5/2023,1/4/2025
Twitterlist,emeneo4p@vkontakte.ru,4/6/2024,4/22/2024
Riffpedia,rchanning4q@state.tx.us,8/14/2023,10/2/2023
Jazzy,wbrahm4r@amazon.co.jp,10/16/2023,6/12/2023
Skinte,gcourcey4s@barnesandnoble.com,11/20/2023,11/18/2023
Edgeify,sedler4t@zdnet.com,8/4/2023,4/3/2023
Zava,ngipp4u@yellowpages.com,5/19/2023,9/14/2024
Midel,tbodycombe4v@blogtalkradio.com,12/23/2023,4/17/2025
Edgetag,asweeny4w@squarespace.com,1/21/2024,7/26/2024
Skyble,yragborne4x@bigcartel.com,7/12/2023,11/15/2024
Teklist,dkerfoot4y@icq.com,3/18/2024,8/20/2024
Feedbug,amcgrane4z@tuttocitta.it,7/6/2023,2/20/2023
Thoughtstorm,gatcheson50@marriott.com,3/7/2023,10/15/2023
Gigaclub,whegdonne51@nytimes.com,11/21/2023,4/23/2023
Oyondu,rboller52@prlog.org,10/11/2023,2/13/2024
Kaymbo,mbamling53@msu.edu,10/23/2023,7/4/2023
Jazzy,smcewen54@furl.net,4/4/2024,4/11/2023
Eamia,twalwood55@nifty.com,3/1/2024,4/7/2024
Rhyzio,htitchen56@google.co.uk,2/13/2024,1/4/2025
Katz,bwoollcott57@amazon.co.jp,1/17/2023,1/24/2025
Twimbo,tkebell58@java.com,6/25/2023,5/14/2024
Trupe,acotherill59@gizmodo.com,4/17/2023,1/8/2025
Voomm,ametrick5a@admin.ch,4/26/2023,11/25/2024
Aibox,jmumford5b@utexas.edu,3/11/2023,6/12/2023
Kayveo,dtellwright5c@wsj.com,1/22/2023,6/29/2024
Demivee,amarsters5d@over-blog.com,1/31/2024,8/26/2024
Thoughtbeat,ewenzel5e@google.cn,7/24/2023,4/21/2024
Topdrive,bgellert5f@abc.net.au,4/14/2023,6/17/2023
Skajo,areder5g@bloglines.com,12/13/2023,7/16/2024
Babbleblab,eweins5h@uol.com.br,4/1/2023,1/26/2025
Realcube,gjedrzejewsky5i@multiply.com,2/16/2023,12/11/2023
Kayveo,creichhardt5j@youtu.be,10/13/2023,2/14/2024
Zooveo,egrimble5k@storify.com,6/6/2023,12/15/2024
Avavee,cboots5l@nsw.gov.au,7/11/2023,9/19/2023
Kazu,sheigl5m@shinystat.com,6/18/2023,2/18/2024
Fivespan,jiddenden5n@4shared.com,1/18/2023,6/1/2023
Linklinks,smumby5o@scribd.com,3/2/2024,10/6/2024
Jabberbean,ttigner5p@opera.com,4/8/2023,1/30/2023
Ainyx,lainsworth5q@amazon.co.jp,10/20/2023,4/12/2025
Roomm,sbartod5r@va.gov,2/7/2023,3/5/2024
Demizz,irosebotham5s@virginia.edu,12/17/2023,12/12/2023
Linkbridge,dcolbourne5t@phpbb.com,6/27/2023,6/1/2023
Aibox,aroof5u@flickr.com,10/13/2023,4/1/2025
Jamia,wtagg5v@geocities.com,4/21/2024,8/16/2024
Blogpad,gjackling5w@google.it,10/1/2023,4/15/2024
Mynte,dfantham5x@skype.com,9/1/2023,11/2/2024
Bubbletube,wchallens5y@yandex.ru,6/3/2023,10/4/2024
Mita,cdoorbar5z@amazon.co.uk,12/22/2023,9/30/2024
Wikido,jlemary60@blinklist.com,3/14/2024,1/15/2023
Babbleset,sfoltin61@aboutads.info,1/20/2023,4/17/2023
Eimbee,rmassinger62@cnbc.com,2/19/2024,2/1/2025
Yambee,bfahy63@clickbank.net,1/18/2024,2/24/2025
Rhyzio,bperkins64@paginegialle.it,9/18/2023,4/25/2024
Thoughtworks,clyons65@themeforest.net,3/19/2023,8/9/2024
Realcube,lrhoades66@gravatar.com,3/17/2023,6/17/2024
Fiveclub,cstormonth67@webnode.com,5/2/2023,5/17/2024
Voolith,trutherforth68@typepad.com,3/8/2024,11/27/2024
Avamba,acoulthard69@apache.org,9/9/2023,6/15/2023
Feednation,omuckian6a@marketwatch.com,5/7/2023,12/8/2024
Katz,mwife6b@arizona.edu,8/21/2023,2/24/2023
Skyvu,hbozier6c@drupal.org,11/6/2023,5/26/2024
Youspan,uchellingworth6d@spotify.com,4/25/2024,6/6/2023
Linktype,tkurth6e@adobe.com,2/9/2024,7/18/2024
Zoonder,bgulliver6f@marketwatch.com,4/21/2024,11/6/2024
Flashset,amaccurley6g@merriam-webster.com,10/25/2023,2/19/2024
Feedbug,rcastelluzzi6h@psu.edu,2/9/2024,3/24/2025
Kanoodle,mburbudge6i@cyberchimps.com,8/9/2023,8/23/2024
Oyoloo,jfinney6j@pen.io,9/11/2023,5/26/2023
Voolia,hsketch6k@cnn.com,11/5/2023,9/9/2024
Agivu,bleonarde6l@etsy.com,3/18/2023,4/28/2023
Jaxnation,nbricklebank6m@goo.gl,3/29/2023,8/3/2024
Browsebug,capted6n@omniture.com,9/4/2023,10/7/2023
Divanoodle,gwrightson6o@blogspot.com,3/22/2023,1/27/2025
Lazz,khuxter6p@aol.com,3/24/2024,9/24/2024
Jayo,hlomb6q@loc.gov,11/13/2023,5/3/2024
Rhycero,qgerant6r@csmonitor.com,3/31/2024,3/22/2024
Dynabox,ipimlott6s@comsenz.com,11/12/2023,10/15/2024
Oyoba,ltrillo6t@gizmodo.com,5/11/2023,8/21/2024
Devshare,aramirez6u@360.cn,1/15/2024,1/22/2024
Zava,ftidbold6v@twitter.com,9/14/2023,12/26/2024
Topdrive,khadingham6w@huffingtonpost.com,7/6/2023,2/1/2025
Twinte,jmacnamara6x@nifty.com,9/15/2023,3/29/2025
Plajo,rbare6y@youtube.com,1/3/2024,3/30/2024
Kare,dtourne6z@a8.net,3/31/2023,1/14/2023
Centizu,rstearnes70@gnu.org,9/9/2023,4/1/2024
Katz,fissitt71@samsung.com,4/3/2023,2/6/2023
Quamba,nsantostefano72@cnn.com,1/10/2023,11/28/2024
Meeveo,cdellascala73@vk.com,1/23/2023,5/30/2024
Yodoo,vsilkston74@quantcast.com,5/20/2023,2/21/2023
Feedfish,gbaigent75@craigslist.org,4/14/2024,2/27/2023
Innotype,ebottomore76@nifty.com,10/15/2023,9/21/2023
Geba,nbrum77@over-blog.com,2/25/2023,12/30/2024
Izio,tbrecher78@creativecommons.org,3/22/2023,6/7/2024
Riffpedia,omease79@nymag.com,3/15/2024,5/30/2024
Shuffledrive,dcorking7a@nature.com,5/19/2023,5/28/2023
Quinu,hmulligan7b@cyberchimps.com,3/16/2023,5/31/2024
Gigazoom,eorwin7c@histats.com,12/13/2023,9/3/2023
Thoughtworks,fclynman7d@4shared.com,5/24/2023,4/13/2023
Realbuzz,tmilksop7e@gnu.org,2/4/2024,3/19/2023
Devcast,wmawford7f@reuters.com,5/5/2023,9/16/2024
Trilia,hjoyce7g@booking.com,3/24/2024,5/12/2024
Jatri,cribeiro7h@google.es,12/14/2023,3/6/2024
Meezzy,kdoggerell7i@posterous.com,12/22/2023,1/11/2023
Browsedrive,krainbird7j@pagesperso-orange.fr,2/8/2023,10/15/2023
Mita,okemwal7k@rediff.com,3/9/2024,1/9/2025
Aivee,ccromblehome7l@timesonline.co.uk,1/19/2023,11/15/2024
Jabberstorm,lsiegertsz7m@craigslist.org,4/5/2024,9/3/2023
Kanoodle,cattrill7n@infoseek.co.jp,11/18/2023,9/2/2023
Skyndu,gasgodby7o@jalbum.net,11/19/2023,12/29/2024
Skidoo,cstanden7p@bbb.org,5/6/2023,6/14/2024
Linkbuzz,abysh7q@ucsd.edu,4/8/2024,3/1/2023
Shuffledrive,lradleigh7r@google.cn,6/11/2023,4/14/2024
Oyoba,khollyer7s@i2i.jp,4/11/2024,4/12/2025
Wikizz,kfeeney7t@epa.gov,2/12/2023,7/13/2024
Mybuzz,eseary7u@craigslist.org,5/28/2023,9/8/2024
Miboo,zhunsworth7v@ox.ac.uk,4/28/2023,3/8/2025
Gabvine,ssydall7w@rediff.com,1/12/2023,11/17/2024
Meembee,gskyme7x@quantcast.com,2/16/2024,9/12/2023
Fivespan,gmacilhargy7y@nhs.uk,5/16/2023,3/15/2025
Bluezoom,ghuddlestone7z@amazonaws.com,4/20/2023,8/16/2024
Meembee,flafflina80@yahoo.co.jp,1/1/2024,12/16/2024
Abatz,vlindroos81@sbwire.com,4/21/2024,11/5/2023
Bubbletube,lmacmorland82@elegantthemes.com,1/10/2024,1/29/2023
Eire,mhawkshaw83@geocities.com,1/18/2024,8/8/2023
Rhyzio,dcrut84@who.int,10/7/2023,2/17/2023
Yamia,smeekin85@buzzfeed.com,2/28/2023,8/26/2024
Jetwire,blude86@howstuffworks.com,12/7/2023,11/12/2024
Ailane,gamy87@wix.com,11/3/2023,12/12/2023
Kayveo,knell88@blogger.com,4/20/2024,4/5/2025
Meetz,pcharke89@about.com,9/18/2023,2/19/2025
Cogibox,llipp8a@linkedin.com,10/24/2023,7/7/2024
Edgetag,akrolik8b@aboutads.info,2/13/2023,2/4/2023
Babblestorm,msnowling8c@princeton.edu,1/17/2023,2/19/2024
Bluezoom,lbirtchnell8d@ovh.net,8/8/2023,5/6/2024
Vinder,wshutt8e@nymag.com,3/13/2023,2/1/2025
Roodel,rheckle8f@clickbank.net,5/17/2023,9/30/2024
Jaloo,wianniello8g@cisco.com,6/5/2023,6/29/2023
Youfeed,mvango8h@columbia.edu,1/25/2024,10/25/2023
Twitterlist,mheisman8i@booking.com,4/24/2023,9/24/2023
Gigazoom,hflament8j@economist.com,3/6/2024,1/29/2024
Twitterbeat,rwagenen8k@ucla.edu,1/26/2024,10/18/2024
Yata,afieldsend8l@chronoengine.com,1/29/2023,12/23/2024
Rhybox,mduxfield8m@ucla.edu,8/30/2023,6/7/2024
Riffpath,sbarrett8n@guardian.co.uk,6/6/2023,8/30/2023
Rhybox,bmaguire8o@ftc.gov,8/17/2023,2/13/2024
Layo,eioselev8p@sourceforge.net,1/15/2023,4/1/2025
Thoughtworks,hbreffit8q@google.es,2/2/2023,12/20/2024
Avamm,jaynsley8r@prlog.org,12/13/2023,8/22/2024
Youspan,mhodges8s@arstechnica.com,4/20/2024,9/16/2023
Skinte,lvarndall8t@wordpress.com,5/11/2023,9/11/2023
Wordware,hchattington8u@shareasale.com,3/23/2024,2/20/2023
Skipstorm,cduinbleton8v@loc.gov,3/6/2024,4/21/2025
Pixonyx,abradwell8w@engadget.com,8/31/2023,4/29/2025
Aivee,rcarcass8x@angelfire.com,9/18/2023,3/19/2024
Kimia,ssibborn8y@dailymotion.com,6/18/2023,10/8/2023
Rhyzio,rpratte8z@arstechnica.com,3/27/2023,12/12/2024
Podcat,lmayoral90@hibu.com,1/3/2024,2/23/2025
Divavu,lbernade91@typepad.com,6/22/2023,8/11/2024
Gabvine,ceick92@bing.com,1/16/2024,1/13/2024
Dabjam,jraccio93@cbslocal.com,6/1/2023,4/4/2025
Zoozzy,roxton94@wikia.com,2/11/2023,1/15/2023
Eare,scater95@businessweek.com,9/13/2023,2/20/2023
Voonyx,ostillert96@google.ca,3/7/2024,5/7/2023
Gigashots,ttabart97@google.com,12/10/2023,3/1/2025
Voonder,dingleton98@miitbeian.gov.cn,9/14/2023,5/3/2024
Yadel,mblackmuir99@sogou.com,4/28/2023,2/10/2023
Zooveo,jtower9a@census.gov,3/24/2024,3/6/2024
Zoomzone,freeves9b@chicagotribune.com,2/24/2024,1/11/2024
Brightbean,cgolson9c@nbcnews.com,2/1/2023,4/9/2023
Eazzy,hmaccaughey9d@bloglines.com,1/20/2023,4/3/2024
Linkbuzz,ctottie9e@biblegateway.com,5/7/2023,6/5/2023
Quatz,mdewes9f@feedburner.com,2/23/2023,3/8/2024
Brightdog,jjosefson9g@prlog.org,12/10/2023,11/22/2024
Flashpoint,roslar9h@hhs.gov,11/22/2023,2/10/2024
Meetz,gnettleship9i@mayoclinic.com,2/22/2024,5/1/2023
Twitterworks,asimonard9j@ocn.ne.jp,2/5/2024,8/15/2024
Tazzy,nkalkofer9k@a8.net,12/17/2023,5/8/2024
Photobug,lmackrell9l@yellowpages.com,8/25/2023,5/10/2024
Photobug,kmctrusty9m@pinterest.com,4/21/2023,7/7/2023
Plambee,ksonley9n@eepurl.com,10/15/2023,3/14/2023
Blogpad,tgloster9o@photobucket.com,10/23/2023,10/15/2023
Edgeify,ddance9p@google.it,11/3/2023,11/9/2023
Skidoo,zboundey9q@businessinsider.com,12/5/2023,11/7/2023
Trunyx,bburgoine9r@booking.com,3/22/2023,2/13/2024
Yabox,jmarie9s@wordpress.com,3/21/2024,8/17/2024
Brainbox,oparrin9t@ca.gov,5/22/2023,3/31/2024
Yakidoo,nbezemer9u@vistaprint.com,10/29/2023,4/4/2023
Mita,dghost9v@auda.org.au,4/15/2023,3/15/2025
Babbleblab,cmacanespie9w@gizmodo.com,8/15/2023,12/1/2024
Zoonoodle,gzaple9x@globo.com,7/6/2023,7/28/2023
Skidoo,horto9y@issuu.com,1/31/2023,11/10/2023
Vimbo,kfobidge9z@japanpost.jp,3/20/2024,4/16/2023
Dabvine,soddya0@intel.com,12/1/2023,6/30/2024
Flashset,yruslina1@nydailynews.com,4/3/2023,6/5/2023
Quinu,grubineka2@omniture.com,2/4/2023,2/7/2023
Youbridge,arowsela3@ezinearticles.com,4/2/2023,6/22/2023
Mita,ncassellaa4@g.co,1/24/2024,10/4/2023
Izio,kreaveleya5@accuweather.com,1/22/2023,7/18/2024
Eazzy,cdomeneya6@paypal.com,1/29/2024,10/29/2024
Devshare,mmolnara7@tumblr.com,5/27/2023,8/24/2024
Bubblebox,ekershowa8@yellowpages.com,8/23/2023,5/27/2024
Zoomdog,sscamerdinea9@harvard.edu,6/20/2023,1/10/2023
Skippad,nsmickleaa@storify.com,5/11/2023,11/1/2024
Muxo,nweltonab@chron.com,6/19/2023,3/2/2023
Tekfly,mgrzesiewiczac@xinhuanet.com,2/13/2024,3/1/2025
Kwilith,cellerad@hubpages.com,3/9/2024,3/11/2024
Realfire,dprestnerae@slashdot.org,1/12/2023,3/18/2025
Wordtune,eblazewskiaf@microsoft.com,5/5/2023,4/25/2024
Feedfish,oaimableag@utexas.edu,8/13/2023,9/2/2023
Voolith,epetrovah@techcrunch.com,2/8/2024,7/20/2023
Yozio,jaldhouseai@forbes.com,1/28/2023,5/11/2024
Ainyx,ksainteraj@msn.com,1/11/2024,11/5/2024
Rooxo,npolinak@wikispaces.com,1/22/2023,10/29/2023
Voonte,tristeal@bravesites.com,10/11/2023,6/7/2023
Realcube,jburgesam@skyrock.com,2/15/2023,10/22/2024
Dablist,jpurdiean@chron.com,5/5/2023,11/14/2024
Thoughtbeat,sgebhardtao@bizjournals.com,10/20/2023,3/20/2025
Tambee,bspatoniap@tiny.cc,1/1/2024,4/15/2023
Dablist,kkennellyaq@webnode.com,6/9/2023,1/19/2023
Jamia,sfaradyar@unesco.org,6/30/2023,1/12/2023
Twitterlist,rfulkesas@barnesandnoble.com,8/13/2023,6/20/2023
Yamia,amoulderat@independent.co.uk,4/7/2024,11/18/2024
Mydo,astraffonau@hao123.com,4/12/2024,2/26/2023
Gigabox,lloteav@naver.com,8/14/2023,1/21/2023
Jaloo,gdreameraw@posterous.com,2/26/2023,10/11/2024
Buzzshare,arahillax@diigo.com,7/29/2023,9/14/2024
Rhynoodle,gbreconay@state.gov,1/4/2024,3/4/2024
Flashspan,nsickertaz@wix.com,11/28/2023,5/4/2023
Skimia,tbernuzzib0@craigslist.org,12/24/2023,4/9/2025
Latz,rjuarezb1@pbs.org,7/9/2023,3/23/2025
Oloo,sdundredgeb2@businesswire.com,7/4/2023,3/20/2023
Izio,rsellwoodb3@tinypic.com,1/13/2024,8/24/2024
Twitterbeat,kspybyb4@desdev.cn,10/31/2023,2/24/2025
Eayo,vocuddieb5@salon.com,5/30/2023,11/16/2024
Ainyx,waskenb6@nifty.com,9/19/2023,4/15/2023
Shufflebeat,lrobkeb7@nyu.edu,8/10/2023,3/19/2024
Rhyloo,wpinwillb8@gmpg.org,4/2/2023,3/24/2025
Voonte,dmcgannonb9@elpais.com,9/7/2023,9/5/2023
InnoZ,eadelmanba@army.mil,3/12/2024,6/25/2024
Kimia,dritmeierbb@icio.us,11/17/2023,7/28/2023
Tambee,hpoebc@buzzfeed.com,2/9/2024,7/5/2023
Einti,bgodferybd@ucoz.com,9/28/2023,2/21/2025
Dablist,slarverbe@live.com,3/15/2024,2/3/2024
Zoombeat,jmacfaellbf@surveymonkey.com,9/1/2023,3/6/2023
Yotz,lblucherbg@ucoz.com,7/12/2023,3/8/2025
Dabfeed,tmoaklerbh@npr.org,10/26/2023,5/9/2023
Mudo,dallonbi@uol.com.br,3/3/2023,5/21/2024
Eadel,dstubbingtonbj@unicef.org,7/20/2023,8/6/2023
Devpoint,bbartolettibk@slideshare.net,8/20/2023,12/28/2023
Gabtype,atappingtonbl@washingtonpost.com,7/11/2023,4/18/2025
Ozu,alamputtbm@irs.gov,5/28/2023,10/15/2024
Dabfeed,ggassonbn@infoseek.co.jp,4/16/2024,3/24/2023
Eabox,ktownshendbo@illinois.edu,3/16/2024,5/4/2023
Reallinks,avarranbp@myspace.com,8/13/2023,2/24/2024
Miboo,jandryushchenkobq@cpanel.net,5/4/2023,6/28/2023
Yotz,fgentreaubr@furl.net,1/1/2024,1/19/2023
Thoughtbeat,kkayleybs@vistaprint.com,12/26/2023,4/3/2023
Jabbersphere,cmatoshinbt@naver.com,3/30/2023,12/9/2024
Yotz,dbiggsbu@wikimedia.org,2/16/2024,4/22/2023
Tazzy,fbirdfieldbv@networksolutions.com,4/26/2024,8/10/2023
Ainyx,sbarbosabw@bbb.org,4/13/2024,4/29/2023
Zoozzy,cscoltsbx@rediff.com,3/27/2023,4/29/2023
Dazzlesphere,hspencelayhby@walmart.com,4/8/2024,7/8/2024
Zazio,akollaschbz@usda.gov,1/28/2024,1/5/2025
Blogtags,cblezardc0@stanford.edu,11/26/2023,3/17/2023
Tagtune,eblewmenc1@shareasale.com,9/5/2023,9/29/2023
Flashdog,spavesec2@jimdo.com,4/13/2024,4/27/2025
Gevee,agatchellc3@ehow.com,12/1/2023,11/1/2023
Izio,sbefroyc4@independent.co.uk,4/13/2023,1/9/2024
Tekfly,fsijmonsc5@free.fr,5/22/2023,5/23/2024
Photofeed,kbullochc6@furl.net,1/12/2024,11/23/2023
Tavu,ofoxworthyc7@alibaba.com,6/24/2023,5/17/2024
Feedfish,dtofftsc8@cbslocal.com,2/19/2024,1/8/2025
Realmix,wmcneachtainc9@dot.gov,8/24/2023,7/13/2024
Zoomdog,abonifazioca@hc360.com,8/10/2023,2/21/2024
Realcube,mkenrickcb@msn.com,1/15/2023,5/21/2023
Photobean,aizachikcc@homestead.com,5/20/2023,10/6/2024
Avaveo,esurridgecd@squarespace.com,8/27/2023,6/27/2024
Skyndu,lbullardce@japanpost.jp,4/8/2023,12/1/2024
Mymm,anossentcf@go.com,3/26/2024,9/11/2024
Oyoba,tpontingcg@hhs.gov,5/19/2023,8/15/2024
Shufflebeat,qbaptych@hugedomains.com,3/16/2023,10/9/2024
Meembee,wjanci@oakley.com,6/15/2023,8/30/2024
Photojam,shavelinecj@wikia.com,9/8/2023,1/8/2025
Miboo,nlebellck@blogs.com,4/22/2024,7/13/2023
Mymm,bhambrightcl@youtu.be,10/19/2023,8/23/2024
Skyba,rmcsparrancm@vkontakte.ru,1/11/2024,2/3/2024
Wikizz,amorseycn@ihg.com,1/17/2023,1/30/2024
Topdrive,hpogosianco@foxnews.com,12/10/2023,1/30/2024
Edgeify,kbenckcp@columbia.edu,3/7/2023,4/3/2023
Twiyo,aparfettcq@xinhuanet.com,7/22/2023,10/9/2023
Linkbridge,fvallentincr@google.it,2/8/2023,2/23/2024
Flashspan,hcowherdcs@earthlink.net,7/5/2023,2/18/2024
Kazu,hmackainct@macromedia.com,11/13/2023,4/29/2023
Brainsphere,bsimmonettcu@goo.ne.jp,2/8/2024,6/2/2023
Izio,dhaslencv@so-net.ne.jp,4/2/2024,2/18/2025
Digitube,jjentlecw@privacy.gov.au,11/23/2023,9/29/2024
Mynte,vgrentercx@dot.gov,2/6/2023,1/26/2023
Plajo,dlitchfieldcy@blogger.com,3/10/2023,11/12/2024
Skajo,okagancz@guardian.co.uk,10/6/2023,2/27/2025
Yodoo,hcrockettd0@histats.com,9/27/2023,4/22/2025
Linkbridge,tmayburyd1@ocn.ne.jp,8/1/2023,2/13/2025
Demizz,acoronadod2@zdnet.com,6/15/2023,6/29/2023
Topiclounge,sminerd3@technorati.com,1/9/2024,12/8/2024
Realpoint,ktreherned4@alexa.com,4/11/2024,12/29/2024
Tanoodle,dyeomand5@paypal.com,4/30/2024,1/4/2025
Kare,sgrimditchd6@wp.com,3/8/2024,1/17/2023
Youfeed,criched7@chicagotribune.com,3/25/2024,9/23/2024
Feedbug,hwillimentd8@irs.gov,2/9/2023,10/18/2023
Kazio,rpaylied9@t-online.de,5/16/2023,4/19/2023
Voonyx,cclemoda@nymag.com,3/21/2024,4/18/2025
Abata,sdelladb@google.com,4/22/2024,1/25/2024
Jaxspan,lmonarddc@webnode.com,10/3/2023,10/3/2024
Buzzbean,dmaccurleydd@npr.org,4/14/2023,8/30/2024
Yabox,alinzeyde@cpanel.net,5/10/2023,4/29/2024
Jayo,aaggisdf@oakley.com,1/7/2024,4/8/2024
Browsetype,clonergandg@google.com.au,6/27/2023,5/21/2023
Rhyzio,eburhilldh@examiner.com,3/2/2024,4/9/2025
Edgeclub,eciementinidi@bizjournals.com,3/6/2024,9/13/2024
Tagpad,bbrinicombedj@unblog.fr,7/31/2023,2/23/2025
Yombu,acadamydk@ebay.com,7/19/2023,3/19/2023
Dabshots,ajeweldl@microsoft.com,7/25/2023,3/18/2024
Youspan,gulyattdm@goo.gl,6/4/2023,2/11/2023
Mynte,menrightdn@sina.com.cn,2/13/2023,11/18/2023
Kaymbo,fzorenerdo@epa.gov,3/20/2024,4/20/2024
Feedmix,csneddondp@bbb.org,5/17/2023,8/19/2023
Oozz,jquibelldq@mail.ru,2/14/2024,11/6/2023
Meevee,esillisdr@mapy.cz,4/15/2023,3/23/2025
Buzzshare,gpeagramds@who.int,2/20/2023,2/18/2025
Pixonyx,fkembreydt@discuz.net,3/16/2023,1/21/2024
Skyble,msneppdu@e-recht24.de,12/24/2023,4/10/2023
Wordify,chowedv@earthlink.net,5/20/2023,10/26/2024
Divanoodle,mspinettidw@oaic.gov.au,3/13/2024,2/19/2023
Centidel,bcoronadx@com.com,4/2/2024,10/4/2023
Yacero,ofeldfisherdy@nyu.edu,10/8/2023,3/13/2024
Jabbersphere,acranneydz@gizmodo.com,1/17/2024,12/20/2023
Gigashots,kesterbrooke0@cafepress.com,4/11/2023,4/18/2023
Meevee,jinmette1@stanford.edu,4/14/2023,4/13/2025
Vipe,jbellowe2@unc.edu,3/27/2024,11/7/2023
Jaxworks,rletteresee3@scientificamerican.com,10/24/2023,6/11/2023
Ailane,cwontnere4@lycos.com,10/19/2023,10/2/2024
Edgeclub,iupsone5@t-online.de,1/7/2024,2/12/2023
Topdrive,mzecchiniie6@yandex.ru,5/5/2023,9/22/2024
Browsebug,ftabbitte7@jugem.jp,7/9/2023,4/5/2024
Thoughtworks,mstampfere8@narod.ru,1/27/2024,12/6/2024
Yamia,atatforde9@bravesites.com,1/23/2024,4/4/2025
Blogtags,arowsellea@friendfeed.com,9/18/2023,2/19/2023
Devshare,kwoodmaneb@godaddy.com,11/21/2023,4/13/2024
Jabberbean,bcliveec@hibu.com,2/11/2024,7/19/2024
Feedfish,rbullented@pinterest.com,1/25/2023,12/6/2024
Oba,jdracheee@paypal.com,8/4/2023,11/9/2023
Livetube,dmacounef@desdev.cn,2/7/2024,7/1/2023
Mymm,lpellatteg@admin.ch,4/24/2023,3/5/2024
Latz,dkiffeh@devhub.com,3/13/2024,8/16/2023
Realfire,jmauchlenei@tiny.cc,7/22/2023,10/27/2024
Oyope,jlagdeej@domainmarket.com,6/30/2023,4/12/2025
Tagopia,cdomengeek@cisco.com,3/24/2023,5/19/2023
Dabjam,jvlasenkovel@google.de,8/9/2023,8/8/2023
Oozz,bjodlkowskiem@github.io,10/14/2023,12/14/2024
LiveZ,lduntonen@epa.gov,12/30/2023,11/6/2023
Kwimbee,rcantieo@lulu.com,1/21/2024,4/20/2025
Yotz,jboldep@npr.org,1/2/2024,6/29/2023
Tagpad,kburnandeq@hatena.ne.jp,5/27/2023,1/25/2023
Yakitri,vgosseer@blogs.com,7/19/2023,1/15/2025
Brainbox,gpotteridgees@eepurl.com,7/23/2023,10/18/2023
Tambee,jswiffenet@edublogs.org,3/20/2023,6/3/2023
Voonyx,epomfreyeu@ed.gov,8/25/2023,11/26/2024
Jaxspan,vchalkeev@so-net.ne.jp,1/1/2024,11/27/2023
Katz,mscreaseew@engadget.com,4/15/2023,7/11/2023
Brainverse,cstillertex@bizjournals.com,11/20/2023,11/28/2023
Jaxbean,asteinerey@intel.com,3/31/2024,2/4/2024
Realbuzz,mchurcherez@opera.com,5/19/2023,10/24/2024
Quimm,hwoolvettf0@trellian.com,1/28/2023,3/9/2023
Photofeed,hwylemanf1@ocn.ne.jp,2/4/2024,9/10/2024
Fatz,adeerf2@exblog.jp,9/30/2023,6/9/2024
Bluejam,adefreynef3@elpais.com,3/17/2024,11/4/2024
Yadel,rsorensenf4@freewebs.com,6/15/2023,5/12/2024
Skinix,jgeakef5@tumblr.com,4/12/2024,12/5/2023
Zooxo,nwaldronf6@ox.ac.uk,5/9/2023,1/29/2024
Dabjam,steresaf7@rediff.com,11/25/2023,7/3/2024
Gigabox,cconiamf8@creativecommons.org,7/30/2023,4/14/2024
Photofeed,gocloneyf9@ycombinator.com,1/21/2024,10/16/2023
Edgeblab,cedinborofa@zimbio.com,7/6/2023,4/9/2024
Gigashots,cdillewayfb@desdev.cn,10/26/2023,11/25/2023
Abata,adallmannfc@senate.gov,3/24/2023,6/11/2024
Devbug,mranklinfd@addtoany.com,6/16/2023,8/31/2023
Jaxnation,mlissemorefe@cafepress.com,3/26/2024,9/6/2023
Realcube,eotteeff@amazon.co.uk,4/11/2023,7/16/2023
Quinu,spockeyfg@google.com.br,11/15/2023,3/30/2025
Aimbu,dleedsfh@acquirethisname.com,8/22/2023,11/16/2024
Yabox,ktocknellfi@is.gd,5/26/2023,10/31/2024
Digitube,kjeremaesfj@marketwatch.com,1/26/2023,2/23/2025
Flashpoint,mschonfelderfk@unicef.org,6/5/2023,4/9/2024
Bluezoom,thellisfl@fc2.com,12/27/2023,6/15/2023
Jabberbean,tstonmanfm@berkeley.edu,9/19/2023,2/21/2023
Janyx,mnormanvellfn@deviantart.com,2/3/2023,5/16/2023
Fivechat,shinrichfo@wp.com,2/2/2024,4/28/2023
Skinder,tgoulbornefp@jimdo.com,10/7/2023,2/25/2025
Bubblemix,aamericifq@woothemes.com,1/22/2024,3/11/2025
Topicshots,bjellicorsefr@themeforest.net,1/28/2024,11/24/2023
Chatterpoint,nmeriotfs@tripod.com,4/11/2024,2/11/2023
Photojam,rdinniesft@hubpages.com,5/14/2023,7/10/2024
BlogXS,dconniamfu@ucoz.ru,11/18/2023,6/17/2024
Wikizz,mliddiardfv@youtube.com,5/7/2023,8/10/2024
Agimba,azmitrovichfw@merriam-webster.com,12/12/2023,11/7/2023
Snaptags,bladelfx@miitbeian.gov.cn,1/1/2024,2/6/2023
Topdrive,cgeorgeoufy@vkontakte.ru,1/17/2024,6/19/2023
Thoughtbeat,akarpmanfz@independent.co.uk,7/5/2023,1/26/2025
Eadel,komullallyg0@cdbaby.com,9/23/2023,4/3/2025
Dabshots,abacong1@cargocollective.com,2/29/2024,11/12/2023
Zooveo,mboydag2@google.pl,3/30/2023,5/30/2024
Oyoba,mnoriegag3@twitter.com,1/15/2023,5/1/2024
Oodoo,lbeertg4@w3.org,6/9/2023,11/8/2023
Blogpad,nrichensg5@domainmarket.com,9/21/2023,3/12/2023
Tanoodle,eribyg6@arizona.edu,11/23/2023,12/15/2023
Mydeo,cdunmoreg7@fastcompany.com,5/4/2023,1/24/2025
Divape,dwinspireg8@reddit.com,2/25/2023,4/30/2024
Ainyx,cleideckerg9@ebay.com,10/6/2023,3/13/2023
Bubbletube,kogelsbyga@booking.com,10/30/2023,2/19/2024
Quinu,eaudsleygb@answers.com,2/8/2024,9/6/2023
Jetwire,kgraemegc@discuz.net,2/28/2024,10/24/2024
Leenti,bbrowngd@yellowbook.com,7/8/2023,2/17/2023
Livetube,bizsakge@1und1.de,10/9/2023,5/15/2023
Blogspan,jkeoughgf@privacy.gov.au,7/22/2023,9/28/2023
Edgeify,criddlergg@bing.com,4/7/2024,3/2/2025
Twiyo,wmorecombgh@bbc.co.uk,5/4/2023,11/16/2024
Voomm,egeffingergi@unblog.fr,4/1/2024,8/11/2024
Avavee,lfaivregj@ezinearticles.com,7/30/2023,5/24/2024
Wikido,bjermeygk@pen.io,5/5/2023,3/27/2023
Viva,bmorffewgl@creativecommons.org,8/29/2023,11/2/2024
Snaptags,jhallittgm@utexas.edu,4/17/2024,7/26/2024
Feedspan,astuchberrygn@umn.edu,1/11/2023,3/31/2024
Kamba,bcorygo@digg.com,10/7/2023,6/22/2023
Photojam,kskrinesgp@wikia.com,11/24/2023,11/1/2023
Devpoint,tcahengq@illinois.edu,3/1/2024,4/16/2023
Browseblab,adannelgr@prnewswire.com,3/10/2024,2/4/2024
Fliptune,fmarrowgs@ucla.edu,4/15/2024,1/27/2024
Jatri,ghlavacgt@phpbb.com,2/11/2024,4/16/2023
Gabspot,mrexgu@hao123.com,6/16/2023,3/21/2023
Skyba,rpetrushkevichgv@slate.com,12/25/2023,2/24/2025
Bubblebox,wmaccrachengw@pagesperso-orange.fr,3/24/2024,11/24/2024
Voolia,fdoughtygx@a8.net,11/29/2023,3/11/2025
Blogspan,dlerhinangy@theglobeandmail.com,11/5/2023,4/27/2025
Quire,hebanksgz@parallels.com,1/19/2023,4/9/2025
Eazzy,jsibbonsh0@sitemeter.com,1/24/2024,3/24/2024
Leenti,kgerriessenh1@bloglines.com,8/29/2023,3/21/2025
Flashspan,smcgairlh2@marketwatch.com,3/19/2023,10/23/2023
Wikizz,mbrokenshireh3@ycombinator.com,11/4/2023,1/5/2025
Meedoo,ecordyh4@patch.com,9/22/2023,12/6/2023
Photofeed,ckempsonh5@phoca.cz,8/13/2023,12/14/2023
Rhybox,hwevellh6@xing.com,4/30/2023,7/18/2024
Ozu,eletchfordh7@4shared.com,9/16/2023,1/1/2024
Brainlounge,gwarlaweh8@chron.com,3/5/2024,12/22/2024
Zoovu,rbowlingh9@cbsnews.com,9/4/2023,1/6/2025
Kanoodle,sscrymgeourha@jugem.jp,1/9/2024,11/2/2024
Mydo,cgleaderhb@macromedia.com,4/21/2024,5/30/2023
Shufflester,qcunradihc@upenn.edu,10/1/2023,12/16/2023
Skilith,kockwellhd@pagesperso-orange.fr,4/21/2024,3/25/2025
Browsebug,cstrausshe@wp.com,1/20/2023,10/18/2024
Shufflebeat,oschafflerhf@tinyurl.com,8/28/2023,12/11/2024
Wordtune,aleninghg@slideshare.net,10/4/2023,7/4/2023
Oyoyo,ecreightonhh@ebay.com,3/10/2023,1/4/2024
Skipstorm,lbeagleyhi@vimeo.com,11/14/2023,2/18/2023
Voomm,reilharthj@yellowbook.com,3/1/2023,7/31/2024
Yoveo,bsheivelshk@tiny.cc,1/25/2024,11/24/2024
Twitterworks,mlitchfieldhl@jalbum.net,1/16/2023,2/7/2025
Buzzshare,lollanderhm@infoseek.co.jp,8/18/2023,7/31/2023
Edgetag,twinscumhn@unicef.org,5/4/2023,1/10/2023
Yadel,zguslonho@tuttocitta.it,9/30/2023,4/23/2025
Yacero,rnewisshp@cargocollective.com,11/4/2023,1/31/2024
Cogidoo,echisletthq@cnn.com,1/18/2023,10/27/2023
Browsedrive,kpawelczykhr@ebay.com,1/13/2024,10/31/2024
Gabspot,fdasparhs@ucla.edu,4/17/2023,4/17/2025
Agivu,dchippendaleht@harvard.edu,6/5/2023,6/1/2023
Midel,eyarrhu@fotki.com,1/24/2023,2/22/2023
Jaxworks,irowbottamhv@fastcompany.com,10/28/2023,12/24/2023
Mynte,mbrewhw@theatlantic.com,10/8/2023,3/1/2025
Eazzy,aargenthx@usa.gov,3/5/2024,12/20/2023
Browsezoom,agrowdenhy@dot.gov,3/12/2024,7/26/2023
Trunyx,nreijmershz@skyrock.com,1/20/2024,3/12/2024
Jaxworks,bsoggi0@house.gov,8/21/2023,2/9/2025
Topiczoom,dgoldsacki1@bloglines.com,5/31/2023,4/20/2023
Jaxworks,kmongeoti2@de.vu,8/3/2023,6/6/2024
Wikizz,eruberyi3@ning.com,7/17/2023,3/5/2024
Jatri,rbeetlestonei4@dyndns.org,1/16/2023,3/6/2023
Meeveo,lgrestiei5@gmpg.org,8/30/2023,1/24/2024
Avamba,ncharnleyi6@paypal.com,2/16/2023,5/3/2023
Yozio,ckinderi7@techcrunch.com,4/3/2023,6/14/2024
Abata,mhabershoni8@vimeo.com,1/22/2024,3/12/2024
Skivee,cpayzei9@elpais.com,3/14/2024,6/19/2023
Realblab,cguppieia@tinypic.com,12/19/2023,9/27/2024
Trudoo,rnyeib@goo.gl,4/26/2023,12/7/2024
Skinix,admisekic@webmd.com,10/2/2023,8/20/2023
Fatz,dmacroid@hexun.com,10/2/2023,8/21/2024
Flipstorm,ccockshttie@instagram.com,11/10/2023,7/26/2023
Oyoba,mbausmannif@liveinternet.ru,10/14/2023,1/15/2023
Fivespan,bblaszczakig@prlog.org,8/19/2023,12/24/2023
Thoughtblab,bseywoodih@jugem.jp,5/7/2023,12/7/2023
Browsetype,wfairsii@w3.org,3/14/2024,2/3/2025
Wikizz,ksillarsij@elpais.com,4/22/2023,9/27/2024
Skinix,grashik@un.org,2/2/2023,11/9/2023
Mita,tbarrasseil@sogou.com,7/22/2023,8/6/2023
Tagopia,jmarrowsim@hc360.com,3/30/2024,2/23/2025
Mudo,dforcein@fema.gov,6/25/2023,5/30/2024
Zazio,imurricanesio@stanford.edu,11/26/2023,8/8/2024
Topdrive,sdummiganip@tripod.com,1/17/2024,12/4/2023
Skippad,tgillmoriq@google.es,5/3/2023,7/12/2024
Dabvine,dhaulkhamir@cnn.com,3/8/2023,9/5/2024
Meejo,kvasyunichevis@lycos.com,12/20/2023,10/22/2024
Browsecat,ewabeyit@ucla.edu,1/31/2024,2/9/2025
Eabox,bguthrieiu@newsvine.com,5/24/2023,3/4/2023
Browsebug,bdashiv@vinaora.com,5/3/2023,3/25/2023
Ntags,bbreeiw@typepad.com,12/30/2023,12/16/2023
Kare,mrouzetix@vkontakte.ru,2/8/2024,8/20/2024
Demizz,lhuckfieldiy@marriott.com,2/21/2023,1/24/2023
Divanoodle,linglesfieldiz@opensource.org,7/27/2023,6/2/2024
Janyx,ijonahj0@posterous.com,1/13/2023,11/29/2023
Quire,btorrecillaj1@mail.ru,2/5/2023,8/16/2024
Fliptune,radamczykj2@buzzfeed.com,7/18/2023,7/14/2024
Divavu,mortj3@spiegel.de,6/23/2023,6/17/2024
Edgewire,efernandesj4@is.gd,7/7/2023,8/13/2023
Oozz,galpej5@hugedomains.com,4/5/2023,2/13/2024
Skipstorm,rtocherj6@hexun.com,6/16/2023,5/16/2023
Feedbug,kagglioj7@npr.org,2/17/2023,5/21/2024
Pixoboo,wstovoldj8@360.cn,2/23/2024,2/19/2024
Fliptune,nclampej9@mtv.com,7/24/2023,4/13/2023
Eabox,ccounterja@weather.com,4/15/2023,7/31/2024
Blogpad,whulsonjb@imdb.com,2/25/2023,3/20/2023
Dynabox,creamjc@dion.ne.jp,12/7/2023,1/25/2025
JumpXS,lcoulthardjd@godaddy.com,3/23/2024,12/18/2024
Meetz,egokesje@economist.com,10/29/2023,5/31/2023
Rhynyx,adiioriojf@nhs.uk,11/17/2023,8/9/2024
Agimba,jmcveejg@webeden.co.uk,2/19/2024,1/13/2024
Geba,acornelleaujh@reference.com,5/27/2023,3/6/2023
Aibox,lmartinetsji@indiegogo.com,12/1/2023,4/6/2023
Agimba,grollingsonjj@facebook.com,3/12/2023,7/23/2023
Skibox,acudworthjk@webs.com,2/3/2024,7/31/2024
Oloo,kdagostinijl@sciencedaily.com,2/27/2023,9/18/2024
Wordify,bwisedalejm@ow.ly,8/9/2023,7/25/2023
Photobug,bdransfieldjn@ox.ac.uk,6/1/2023,1/20/2023
Jetwire,vdavydzenkojo@ezinearticles.com,6/26/2023,5/14/2024
Vimbo,flingfootjp@pcworld.com,11/13/2023,12/29/2023
Brainsphere,sfruddjq@msn.com,2/7/2023,4/25/2023
Centimia,rgatleyjr@scribd.com,6/15/2023,6/17/2023
Kwimbee,bantoinetjs@nytimes.com,4/11/2024,1/28/2023
Tagfeed,npeskinjt@geocities.com,2/18/2024,5/24/2024
Buzzbean,dhadleeju@flickr.com,10/13/2023,10/2/2024
Meezzy,hpaddemorejv@scientificamerican.com,2/24/2023,5/15/2023
Lazzy,lsellyjw@barnesandnoble.com,10/24/2023,3/23/2025
Flashspan,croastjx@examiner.com,4/15/2023,5/7/2023
Jabbercube,bfoyjy@yahoo.co.jp,2/3/2023,7/27/2024
Livefish,jmyhanjz@icio.us,6/24/2023,3/11/2023
Skiba,dsothamk0@accuweather.com,5/3/2023,1/23/2024
Thoughtstorm,djanzk1@example.com,4/25/2024,1/22/2025
Bluejam,kkopk2@ftc.gov,1/10/2024,12/23/2024
Thoughtbeat,hlitsterk3@newyorker.com,10/1/2023,9/8/2024
Photospace,btraceyk4@businessinsider.com,4/4/2024,5/21/2024
Twitterlist,eblackmank5@xing.com,8/2/2023,2/20/2025
Photojam,gartrickk6@w3.org,3/12/2023,12/23/2024
Plambee,mrahlofk7@instagram.com,2/20/2023,1/29/2023
Skyba,chemberyk8@desdev.cn,3/2/2023,3/2/2024
Roomm,aberrowk9@alexa.com,2/7/2023,9/25/2023
Leenti,mhunterka@pen.io,4/13/2024,2/21/2023
Dabvine,evassarkb@nba.com,4/2/2023,1/28/2024
Skinte,cliverockkc@yandex.ru,5/8/2023,9/19/2023
Meetz,pcolatonkd@soup.io,4/28/2023,8/10/2023
Thoughtbeat,tbaudike@arizona.edu,5/6/2023,4/29/2024
Voomm,momarakf@cpanel.net,1/26/2024,2/9/2025
Wikido,msmeekg@blinklist.com,4/13/2024,1/9/2025
Edgeclub,rreekkh@theguardian.com,6/3/2023,3/8/2024
Kazu,jhurdidgeki@shareasale.com,12/24/2023,4/15/2023
Rhybox,amallettkj@mlb.com,4/21/2024,2/6/2025
Voonte,acawkerkk@opera.com,6/16/2023,4/18/2025
Rhynyx,xryalkl@w3.org,6/10/2023,5/4/2024
Gigabox,cketchellkm@usda.gov,9/28/2023,4/30/2023
Zoonoodle,khendrickskn@ted.com,4/30/2024,10/12/2024
Eimbee,lcurlisko@cafepress.com,3/4/2024,10/4/2024
Livepath,astubbleykp@friendfeed.com,2/6/2024,8/12/2024
Meevee,asuchkq@bing.com,1/1/2024,3/10/2025
Linklinks,vgommkr@blinklist.com,6/7/2023,4/5/2024
Oyoyo,ccrockattks@tamu.edu,10/30/2023,4/27/2025
Podcat,dpakeskt@techcrunch.com,8/4/2023,4/5/2024
Realmix,ddikeku@uiuc.edu,7/10/2023,4/20/2024
Jaxbean,ssomertonkv@uiuc.edu,3/4/2023,7/19/2024
Photospace,smutchkw@pagesperso-orange.fr,5/20/2023,9/23/2023
Blogspan,gpringuerkx@soup.io,1/31/2024,3/9/2025
Kwideo,asomesky@theglobeandmail.com,6/14/2023,1/7/2025
Twitterbridge,lchazierkz@state.gov,3/11/2023,8/15/2023
Izio,gmillwaterl0@nba.com,12/31/2023,12/18/2023
Yodel,sgentl1@google.com.br,8/12/2023,12/8/2023
Gevee,tgomeryl2@cornell.edu,9/21/2023,7/23/2024
Babbleopia,bnoorl3@cornell.edu,12/24/2023,10/18/2023
Blogspan,dvarvelll4@sciencedirect.com,8/17/2023,2/27/2023
Oodoo,rgrattonl5@g.co,4/11/2023,5/18/2024
Thoughtsphere,lseamanl6@live.com,2/27/2023,8/15/2024
Izio,lmacianl7@answers.com,2/21/2024,12/29/2024
Feedfish,cmawdl8@de.vu,5/13/2023,5/3/2023
Quimm,hworthingl9@chronoengine.com,3/12/2023,8/6/2023
Thoughtsphere,fflipekla@etsy.com,12/4/2023,4/3/2025
Skynoodle,mlundbechlb@shinystat.com,4/28/2024,12/23/2024
Fadeo,ydomnicklc@irs.gov,9/8/2023,9/13/2024
Jatri,airvingld@webeden.co.uk,1/3/2024,5/24/2024
Reallinks,hmacareele@studiopress.com,1/25/2023,2/13/2024
Tagcat,jskoatelf@harvard.edu,7/17/2023,12/15/2023
Katz,talleburtonlg@state.tx.us,8/13/2023,12/25/2024
Eidel,jfrankumlh@hc360.com,3/11/2024,4/18/2023
Reallinks,rolivetili@vistaprint.com,11/26/2023,9/26/2024
Jamia,aharlinlj@imdb.com,11/30/2023,5/18/2023
Viva,chukinslk@uol.com.br,10/18/2023,9/17/2024
Realcube,sdorkinll@geocities.jp,1/26/2023,12/15/2024
Quinu,truddylm@ycombinator.com,8/10/2023,12/13/2024
Lazz,elegonidecln@virginia.edu,8/20/2023,12/26/2023
Skajo,bguisotlo@skype.com,5/6/2023,3/16/2025
Eadel,lcuestalp@oakley.com,6/28/2023,7/13/2023
Wordpedia,lboutwelllq@nhs.uk,3/8/2024,7/29/2023
Aibox,mkalinovichlr@soundcloud.com,1/31/2023,4/29/2025
Jayo,eargentels@163.com,2/3/2023,4/4/2023
Demimbu,jparfettlt@engadget.com,1/31/2023,12/12/2023
Roomm,mbennincklu@nasa.gov,2/8/2023,3/17/2023
Gabvine,walejandrilv@tinyurl.com,11/6/2023,1/22/2023
Browseblab,hgibbettlw@imdb.com,7/15/2023,3/12/2025
Tagopia,cblemingslx@cyberchimps.com,8/1/2023,10/19/2023
Browsetype,btraskly@flickr.com,2/7/2023,8/24/2024
Yata,tmilbournlz@merriam-webster.com,12/23/2023,11/3/2024
Twitterworks,lpickinm0@quantcast.com,2/28/2024,10/16/2024
Jetwire,lgertm1@xing.com,12/18/2023,3/31/2024
Feednation,cheamsm2@irs.gov,1/22/2023,5/28/2024
Thoughtblab,cstrikerm3@symantec.com,10/31/2023,6/24/2023
Oba,rdanielim4@who.int,11/22/2023,3/5/2023
Voonyx,agronavm5@usatoday.com,9/1/2023,9/26/2023
Brainlounge,kmarcosm6@stanford.edu,2/12/2023,8/3/2024
Bubblemix,avitallm7@miitbeian.gov.cn,1/15/2024,8/7/2023
Mudo,rgatchm8@guardian.co.uk,3/15/2024,12/20/2024
Mita,frawcliffm9@merriam-webster.com,12/9/2023,2/17/2024
Babbleblab,jbrighamma@opera.com,3/8/2024,1/3/2024
Innotype,gbankermb@ca.gov,3/12/2024,7/19/2024
Jabbertype,haustwickmc@wikispaces.com,4/20/2024,4/14/2025
Realcube,hpargitermd@trellian.com,4/1/2023,3/9/2023
Abata,bwyrillme@symantec.com,4/14/2023,5/4/2024
Oba,cseattermf@va.gov,2/2/2024,2/12/2025
Thoughtsphere,ftrantermg@ehow.com,12/24/2023,2/24/2023
Gigabox,wbraunthalmh@salon.com,3/20/2023,1/6/2025
Blogpad,gpiniurmi@phpbb.com,8/16/2023,1/14/2025
Demivee,eparamormj@google.it,3/21/2024,2/5/2025
Voolith,emaddamsmk@51.la,6/22/2023,1/17/2024
Omba,ndudmanml@unblog.fr,11/1/2023,12/15/2024
Jaxworks,hpettigrewmm@ucsd.edu,11/20/2023,11/13/2023
Jatri,jsmietonmn@princeton.edu,3/22/2023,7/11/2024
Jamia,jevettmo@nature.com,5/9/2023,7/6/2023
Tagchat,abashammp@cbc.ca,4/2/2024,6/28/2024
Eidel,abowdonmq@alibaba.com,8/31/2023,7/27/2023
Meeveo,idenemr@sbwire.com,3/16/2024,3/3/2023
Vimbo,apurdonms@cloudflare.com,4/13/2023,9/24/2023
Oodoo,mbrahammt@google.ca,8/5/2023,5/10/2023
Youfeed,dfrankiewiczmu@deliciousdays.com,3/14/2023,10/4/2023
Feedmix,gsnowdingmv@mozilla.org,5/9/2023,12/6/2023
Linktype,eolcotmw@g.co,5/24/2023,12/2/2023
Muxo,mschimonmx@ow.ly,3/12/2023,4/28/2025
Fadeo,eyanshinmy@ow.ly,6/6/2023,8/2/2024
Skyndu,ccamingsmz@uiuc.edu,6/1/2023,1/2/2024
Twimm,fmereweathern0@netscape.com,3/11/2023,8/23/2023
Skipfire,afreynn1@macromedia.com,4/24/2023,7/2/2024
Brainlounge,icruickshankn2@dell.com,9/9/2023,9/12/2023
Fivechat,rgeffingern3@fotki.com,10/3/2023,10/18/2023
Tambee,ofeldsternn4@ucoz.com,7/17/2023,9/7/2023
Browsecat,crainfordn5@craigslist.org,7/22/2023,1/22/2025
Eimbee,bsabbinn6@upenn.edu,6/12/2023,8/21/2023
Dazzlesphere,reasomn7@soundcloud.com,4/12/2023,1/7/2025
Mynte,cpamphilonn8@ihg.com,9/16/2023,4/30/2025
Topicblab,hwalkeyn9@huffingtonpost.com,1/20/2023,10/15/2024
Blogspan,gligertwoodna@google.nl,10/18/2023,6/5/2024
Wikivu,tchimesnb@cnet.com,4/6/2024,4/19/2023
Meezzy,ehallennc@discovery.com,4/2/2023,3/29/2024
Gigazoom,jfouchnd@techcrunch.com,2/17/2024,11/6/2023
Youspan,nhelianne@youku.com,9/8/2023,11/16/2023
Rhybox,cshalesnf@census.gov,1/7/2024,2/21/2024
Rhynyx,aheggieng@forbes.com,4/2/2024,7/4/2024
Babbleset,carnoudnh@sciencedirect.com,2/8/2023,7/8/2023
Tagchat,lhorneyni@smh.com.au,2/29/2024,1/8/2025
Trupe,gjanissonnj@tripadvisor.com,1/18/2024,11/6/2024
Edgepulse,kpalferynk@mlb.com,9/22/2023,1/26/2024
Yambee,lgrillsnl@surveymonkey.com,1/18/2024,8/28/2024
Digitube,htongenm@flickr.com,4/30/2024,2/19/2023
Kwimbee,beverednn@senate.gov,3/17/2023,3/18/2025
Topiczoom,tokieno@jiathis.com,7/7/2023,8/29/2023
Kwimbee,bdenormanvillenp@paypal.com,3/19/2023,1/5/2024
Dabvine,elawmannq@friendfeed.com,6/21/2023,3/13/2023
Gabtype,srisdalenr@360.cn,1/19/2023,10/7/2024
Yoveo,lgoraccins@independent.co.uk,3/27/2024,9/14/2023
Tagchat,cwignallnt@privacy.gov.au,5/26/2023,1/24/2023
Trilia,brubinnu@trellian.com,12/16/2023,12/21/2024
Brainverse,ldursleynv@4shared.com,1/16/2023,2/15/2023
Photospace,rhaxbynw@networksolutions.com,10/24/2023,4/13/2024
Yakijo,fmcgovernnx@cbslocal.com,1/11/2023,1/26/2024
Twitterwire,sdearnessny@wikimedia.org,8/31/2023,3/26/2025
Livetube,smcilhattonnz@google.de,1/26/2023,11/6/2023
Gigashots,osandalo0@washington.edu,8/23/2023,1/13/2024
Skiptube,bgummoryo1@canalblog.com,8/6/2023,8/14/2023
Linkbuzz,escottso2@com.com,4/9/2024,1/6/2024
Wikizz,bbesqueo3@comsenz.com,12/27/2023,1/15/2024
Skynoodle,cfonteso4@istockphoto.com,3/30/2024,6/6/2024
Izio,jforseitho5@mac.com,1/22/2023,3/4/2024
Topicblab,pfortescueo6@dailymotion.com,9/7/2023,1/22/2023
Meezzy,hklauso7@webmd.com,2/24/2024,5/19/2023
Layo,pwoofo8@csmonitor.com,4/2/2024,3/15/2023
LiveZ,wgaddo9@geocities.jp,5/1/2023,3/1/2024
Miboo,dtabboa@answers.com,10/18/2023,1/28/2024
Fatz,bdarragonob@vistaprint.com,10/2/2023,11/21/2023
Photobean,pdashperoc@blogtalkradio.com,7/23/2023,1/12/2025
Voolith,jlomasnyod@state.tx.us,12/9/2023,2/2/2024
Livetube,kholliaroe@sciencedirect.com,3/21/2023,10/7/2024
Quatz,rmonetiof@usa.gov,3/14/2024,12/20/2024
Fivechat,cjenceyog@mediafire.com,4/17/2023,4/28/2025
Vinte,mwarbrickoh@dedecms.com,9/13/2023,12/15/2023
Yozio,kfreckinghamoi@smh.com.au,4/13/2023,2/3/2025
Jabberbean,mcouttesoj@gizmodo.com,10/8/2023,4/27/2024
Cogidoo,sarrighiok@facebook.com,2/5/2023,7/27/2023
Vinder,bcoombsol@jigsy.com,5/31/2023,8/21/2024
Kimia,csingsom@redcross.org,1/10/2024,11/22/2023
Kazio,kmccombeon@xing.com,2/1/2023,12/17/2023
Dynabox,dwaliszewskioo@psu.edu,3/22/2024,2/6/2025
Jayo,cdelbergueop@networkadvertising.org,3/16/2023,3/28/2023
Jabberstorm,nsatcheloq@netlog.com,10/25/2023,4/5/2024
Zoovu,nelieor@google.de,3/11/2023,9/17/2023
Innotype,kluptonos@diigo.com,4/1/2023,1/27/2024
Skyvu,ndaffeyot@icq.com,1/24/2024,7/31/2024
Midel,pmenichiou@bravesites.com,11/18/2023,1/6/2024
Fivespan,vmatskevichov@so-net.ne.jp,6/8/2023,7/14/2023
Youtags,pcusackow@guardian.co.uk,9/28/2023,1/22/2024
Jabberstorm,mmurpheyox@mapquest.com,3/22/2024,4/28/2025
Tagcat,atudbaldoy@fotki.com,7/4/2023,7/28/2024
Thoughtstorm,dpierceyoz@gov.uk,4/25/2023,10/14/2023
Ntag,ukilbornp0@ameblo.jp,12/26/2023,4/23/2023
Meejo,dgoldesp1@ted.com,10/3/2023,4/7/2024
Zoozzy,cisgatep2@reverbnation.com,7/16/2023,8/29/2024
Rhycero,vgrimseyp3@bigcartel.com,3/17/2024,1/7/2025
Roombo,simisonp4@sina.com.cn,4/1/2024,9/25/2023
Brainbox,nfominovp5@xinhuanet.com,9/24/2023,12/2/2024
Yakidoo,khealdp6@springer.com,4/6/2024,9/28/2024
Latz,workneyp7@columbia.edu,6/29/2023,1/19/2024
Mydo,lgarrishp8@vistaprint.com,2/17/2023,8/11/2023
Wikizz,ejoselevitzp9@bing.com,3/10/2023,6/2/2023
Jabberbean,lboughtflowerpa@bloglines.com,4/20/2023,2/26/2023
Kwimbee,matcherleypb@vimeo.com,7/26/2023,10/18/2023
Twitterworks,falexandrepc@hugedomains.com,10/12/2023,3/8/2025
Lazzy,llyndonpd@privacy.gov.au,5/10/2023,6/27/2023
Oyonder,everrechiape@google.com.au,3/1/2024,3/15/2025
DabZ,lheustacepf@msn.com,3/22/2024,11/23/2024
Miboo,pkisspg@oakley.com,2/14/2024,8/3/2023
Topiczoom,kavrahamianph@wiley.com,1/1/2024,2/19/2024
Kamba,wchestlepi@istockphoto.com,8/15/2023,4/14/2025
Ntag,cwolferpj@nasa.gov,4/13/2023,1/13/2023
Gigabox,fyeseninpk@nps.gov,3/2/2024,8/28/2024
Fiveclub,cbraunespl@ucsd.edu,2/29/2024,7/14/2023
Gigabox,sdeanpm@scribd.com,5/8/2023,10/9/2024
Trudeo,bwillbondpn@jiathis.com,4/2/2023,4/11/2023
Ailane,tsindlepo@newsvine.com,10/6/2023,4/13/2024
Minyx,ascotsonpp@mac.com,4/28/2023,5/31/2024
Meevee,tyarkerpq@imageshack.us,2/29/2024,3/18/2024
Aimbo,wgummowpr@washingtonpost.com,3/11/2024,8/30/2023
Wikizz,breisenbergps@wikia.com,10/21/2023,2/21/2023
Tagcat,nedisonpt@blog.com,2/10/2023,1/23/2025
Blogtag,fbrumwellpu@newsvine.com,12/4/2023,6/29/2024
Abata,dbescobypv@topsy.com,2/8/2023,7/22/2023
Oba,kdavidovitchpw@bloglines.com,9/10/2023,10/20/2023
Wikizz,icayleypx@hud.gov,3/17/2024,3/21/2025
Skinte,crumseypy@barnesandnoble.com,12/17/2023,5/16/2024
Kwilith,mmelhuishpz@narod.ru,4/3/2023,3/2/2023
Demimbu,sbarwiseq0@fc2.com,10/7/2023,6/27/2023
Skimia,ldunsmoreq1@adobe.com,4/8/2023,2/28/2023
Skynoodle,jburndredq2@simplemachines.org,7/25/2023,11/24/2023
Myworks,astillwellq3@howstuffworks.com,8/30/2023,4/13/2023
Demizz,lextallq4@51.la,7/21/2023,9/18/2024
Quimba,chillingq5@posterous.com,11/18/2023,7/28/2023
Devpulse,dnyssenq6@opensource.org,1/28/2024,4/17/2025
Gigazoom,eeverlyq7@dailymotion.com,2/5/2023,1/18/2025
Zoomcast,rguitelq8@toplist.cz,4/18/2023,4/14/2025
Yodoo,arowatq9@blog.com,8/26/2023,12/22/2023
Yodel,dcasbourneqa@vinaora.com,8/27/2023,4/19/2025
Browsezoom,aburdfieldqb@bloglovin.com,4/6/2024,1/30/2024
Yozio,lbiggerdikeqc@drupal.org,6/22/2023,7/17/2023
Tanoodle,ahollowqd@geocities.jp,4/12/2024,9/5/2023
Linkbuzz,gfellmanqe@hao123.com,6/18/2023,3/14/2025
Wikido,vgillingwaterqf@phpbb.com,2/16/2023,11/21/2023
Bluejam,atrevaskissqg@joomla.org,4/4/2023,8/28/2023
Babbleopia,ckyngeqh@bloglovin.com,12/2/2023,11/30/2023
Thoughtstorm,lmartinuzziqi@upenn.edu,5/12/2023,1/13/2025
Skidoo,jscoginqj@smh.com.au,4/19/2024,7/5/2024
Muxo,jpettmanqk@microsoft.com,7/7/2023,12/1/2024
Lazzy,tholdinql@sitemeter.com,9/30/2023,2/3/2023
Brightdog,whowerdqm@mlb.com,3/15/2023,7/2/2024
Zazio,ydanilowiczqn@webeden.co.uk,10/4/2023,6/22/2024
DabZ,bbearhamqo@redcross.org,3/11/2024,1/11/2023
Kaymbo,jgradyqp@xinhuanet.com,11/22/2023,2/12/2024
Oyondu,adacresqq@berkeley.edu,1/23/2023,1/22/2024
Thoughtmix,lrainsdonqr@ow.ly,1/21/2023,5/23/2024
Jaxworks,gmchargqs@home.pl,11/3/2023,6/1/2023
Realcube,irosparsqt@stumbleupon.com,1/10/2023,6/20/2023
Dabtype,hthurlbornqu@disqus.com,7/19/2023,6/15/2024
Jaxnation,dsawoodqv@pinterest.com,2/14/2023,8/21/2023
Divape,pmumbersonqw@wiley.com,3/21/2024,2/20/2023
Geba,ihaffendenqx@simplemachines.org,4/20/2024,3/27/2025
Fadeo,rhundyqy@washingtonpost.com,4/8/2024,7/11/2024
Linkbridge,cpierroqz@barnesandnoble.com,2/28/2023,6/4/2024
Youfeed,dmangamr0@buzzfeed.com,2/18/2024,1/9/2023
Oyoba,aachrameevr1@weebly.com,4/18/2024,8/27/2023
Centizu,tfochsr2@ebay.com,11/4/2023,6/22/2024
Brainsphere,rilyinr3@cornell.edu,9/8/2023,10/31/2023
Skinte,aavesr4@aol.com,1/27/2024,8/16/2023
Buzzdog,gtocherr5@webmd.com,12/12/2023,11/5/2023
Rhyzio,aozeltonr6@squarespace.com,2/14/2023,9/19/2024
Kaymbo,pmonahanr7@wikispaces.com,1/17/2024,9/5/2024
Izio,mhurdr8@bloomberg.com,1/6/2024,10/31/2024
Twinder,jbarusr9@ucoz.ru,12/30/2023,7/1/2023
Feedfire,bcherrisonra@exblog.jp,2/12/2024,8/8/2023
Eare,adrynanrb@rediff.com,5/22/2023,2/16/2023
Browsecat,mmarksrc@mediafire.com,9/18/2023,4/7/2023
Jaxbean,cnewlandsrd@technorati.com,3/13/2024,7/11/2023
Oloo,lcofaxre@gov.uk,8/13/2023,7/13/2023
Tagchat,jtidmasrf@blogtalkradio.com,1/7/2024,1/24/2025
Roomm,ldeemrg@stumbleupon.com,9/7/2023,2/6/2024
Voomm,gkeyselrh@ovh.net,9/2/2023,5/5/2024
Shuffletag,tballingalri@liveinternet.ru,4/7/2023,1/8/2024
Npath,sgrobrj@miitbeian.gov.cn,2/26/2024,4/4/2025
Agivu,cscarrottrk@free.fr,1/16/2023,7/17/2023
Zava,esenyardrl@digg.com,1/16/2024,4/17/2023
Browsezoom,kjullrm@msn.com,1/27/2024,4/26/2023
Tanoodle,amelladewrn@shinystat.com,2/11/2023,3/28/2025
Agivu,dtabourelro@quantcast.com,2/16/2023,2/29/2024
Vidoo,ddickrp@paginegialle.it,4/19/2023,9/2/2024
Browsedrive,mgerritsmarq@spotify.com,4/19/2023,4/17/2025
Oyoba,mgregorrr@altervista.org,4/29/2024,9/16/2024
